day,calm,angry,fear,sad,happy,emotion_score,rolling_mean,rolling_std,rolling_min,rolling_max
1,49.02,0.21,7.47,73.42,-30.11,-1.112,-1.112,0.0,-1.112,-1.112
2,48.18,0.36,8.28,70.84,-27.66,-1.071,-1.0915,0.028991378028648474,-1.112,-1.071
3,48.78,0.22,7.79,72.73,-29.53,-1.103,-1.0953333333333333,0.02154839514519201,-1.112,-1.071
4,49.51,0.16,6.85,74.85,-31.38,-1.132,-1.102,0.0305122926047847,-1.132,-1.071
5,48.64,0.25,7.92,72.28,-29.08,-1.095,-1.11,0.01946792233393183,-1.132,-1.095
