day,drift_score_text,drift_score_audio,fusion_drift
4,0.3333333333333333,0.2482621490046739,0.29930485960186953
5,1.0,0.1528274191045856,0.6611309676418342
